X1,X2,y
0.5759806262706073,-0.36189675826601503,0
0.8400009142126827,1.1690157874960376,1
-0.09853575256544167,0.48528220617861983,0
-0.8549006667843911,0.8195654672964526,1
0.3588615112074204,-0.09113208761125874,0
0.4480373936540065,1.1380295975653283,1
0.3572625920353406,0.06732627862030549,0
-0.9875820985572588,-0.3630544142212475,1
0.12717887232862693,0.22268204511186243,0
1.1137762679487895,0.06703202709983302,1
-0.4987907904835316,0.39314813740091903,0
-0.2102031161671276,0.9747845537421762,1
0.3565332546142442,0.11478257458276542,0
-0.9505031405934509,-0.8220962034602826,1
-0.3483544541004435,0.2689975063084562,0
-0.7347531376307748,1.0356636374710897,1
0.4377804057496004,0.14501097448082179,0
-0.38377280806910863,0.889711775837632,1
0.4090935847526387,0.005462676229793184,0
1.0905491446079494,0.630535437774959,1
0.1368955418960635,0.2935584205452175,0
1.1725130313954266,-1.051702418941316,1
0.39688211057297246,0.1579612347058345,0
1.0260732732718745,1.109818374879522,1
-0.4529083565033269,0.33860193861753335,0
-1.0434493441175274,0.884134971585333,1
-0.35618536532128087,0.5661176685260034,0
0.12209020239359991,0.8539407724171583,1
0.30778919723562087,-0.1403073163149253,0
0.142830841235138,0.8339982574757422,1
0.5891268389610358,-0.2518791469770022,0
-1.088411629672877,-0.8558988917342821,1
-0.12562257043224995,0.37640206035358126,0
-0.6003333590771196,0.9802129105166144,1
0.43049181027828237,0.0720374987836872,0
-1.177838264742559,1.036509013139201,1
-0.5785987143928717,0.2844324723402407,0
-1.0043266944391016,-0.22711290184180344,1
-0.3066211654511036,0.5152183777540797,0
-0.969279943968003,0.09620631638170851,1
-0.16094675873548764,0.5701986776608747,0
0.8920888648324503,-0.5423197605634182,1
-0.5827442885932166,0.18842788351367679,0
-0.6349114977398619,0.845232651830317,1
-0.3867626582716064,-0.21970881998191044,0
-1.1928476435539543,-0.3815805944096542,1
0.2483130231218862,0.5846927526245764,0
1.1957698194246955,-0.5906781827293385,1
0.460762198637157,0.24306678413125687,0
-0.11993457898071713,1.1778518135435188,1
0.5721563243597535,0.538747103868738,0
0.8962034841609792,-0.002463128187843666,1
0.1161445926576859,0.2812069328444765,0
-0.8427930384836633,0.7870518727277387,1
0.45075792394211056,-0.17554797305968384,0
-1.0521995668768014,0.028699976539386052,1
-0.47715738368966637,0.2476875597204387,0
0.8090307804353465,0.8871866695732951,1
-0.36701527630337394,-0.04354744397368987,0
-0.43011135675487455,1.1114225564873719,1
-0.3670238705153579,0.30863912376041414,0
1.1987607309767012,0.4222465203247423,1
0.3295801245849609,0.021594593127898687,0
1.0441292610781867,-0.7276422764512089,1
-0.4663845654560296,0.5806872446627755,0
0.9803258652228033,0.3567827408061732,1
0.19257238780942665,0.46741343681761593,0
-0.9253867702452829,1.0931355726791863,1
0.595902124891146,-0.5135533642571729,0
0.8295232770407612,-0.08583550822817587,1
0.2542992584956556,-0.12624988112210278,0
0.1432816077020478,1.135544454602375,1
0.22142977488609805,-0.13629660380621061,0
-1.0207859499758019,0.8395398601612765,1
0.2760962820313481,0.4627487142474041,0
1.1483495737597629,0.48491735586077533,1
-0.25842235043941425,0.29689498796093916,0
1.0348497668675702,-0.9334170601751268,1
0.037732846330117975,0.5615105042777491,0
-0.8883692316682579,-0.6033914914555247,1
0.3726308786195258,0.35208731885302813,0
1.1095716268058826,-0.7573966106196084,1
0.5185243940053748,0.40515395256664,0
-1.1591926610754368,0.7877941980362966,1
-0.17077155176879122,0.2994807342025323,0
-0.886278048540675,-0.5954918622958116,1
-0.5676851517400738,0.12335422291679532,0
-1.1825523904496462,-0.3597634196846283,1
-0.15144947919677565,0.5729396765983434,0
0.47055534617268946,0.8228906893196508,1
0.3253837850529611,0.14748043116441517,0
0.9199062453428488,1.0690876230476887,1
0.1826427039729317,0.4434757659571579,0
-0.9150801095570004,0.19977483296128773,1
0.2651099349094318,0.05637714814739542,0
-0.807723971574014,0.7726475542956229,1
0.30596077263018184,0.43872209473184476,0
1.1588083322822114,0.6398422614271007,1
-0.24418315397675572,0.36316619225901897,0
-0.06966602179376613,0.8412861380306232,1
0.3766504046731306,0.5942381666966587,0
1.1283273914289809,0.9872718105146041,1
0.5557846976695674,0.4119853749018596,0
0.030513693407285825,1.0098475222988135,1
0.28334087488839316,-0.11490862095795001,0
1.0017673710249917,0.35463195777046574,1
0.3691518766137094,-0.3100644713422611,0
0.1288886146716559,0.8888828286801924,1
-0.22414164911863066,-0.20633223064972167,0
-0.34703154545814685,1.1587180131469754,1
-0.3340436277745497,0.23058958709576977,0
-0.2161790993051832,1.0812088845332442,1
0.5885360591457687,-0.3881154408061134,0
0.8528382341848164,-0.3161110372540974,1
-0.33736575717684075,0.01648182993458741,0
-0.7043396074274106,0.8501678452501812,1
0.34715712785189845,-0.24382279969219356,0
0.9256331220179638,0.2012906465320784,1
0.5923388989221461,-0.558925851045596,0
1.0417692934465936,0.5512939632336493,1
-0.1689427560714969,0.2722694342381996,0
0.23246748257610128,0.927805793076997,1
-0.33550705736856895,-0.015597073694481933,0
1.117674928992035,0.556421106489351,1
-0.18167216794216734,0.29946046655649833,0
0.8391849007969848,0.7632339230250823,1
0.34571755908155977,-0.16798154528447193,0
-0.9970716536514375,-0.7445664679488899,1
-0.0904373099257745,0.21849168379964976,0
-0.940017776057644,-0.15539686099094796,1
0.5328725993190122,-0.27220249256879175,0
-0.9403848379518496,-0.5450868644711592,1
0.3212411917760941,0.327847678463406,0
0.7444009919728835,0.9072430856681429,1
0.18952321349333956,0.24101403958592066,0
-0.4441683747338179,0.8253876051206427,1
-0.01960486313101295,0.561750714128743,0
-0.9329924828724527,0.8580443746439879,1
-0.2898308694064396,0.1538273668049906,0
0.6888805535962187,0.9775776010461,1
-0.402423068662165,0.1881697329720588,0
-0.842164839188707,0.9148355140969486,1
-0.3842327656176622,0.027596763637850297,0
0.5302758921241112,0.9050029995742553,1
0.4959940203799187,0.06666955878799985,0
0.8085493932618125,0.956667645023103,1
0.26428759997882423,0.22269692558132298,0
1.089859423044564,0.7188306088425034,1
0.18538212887004235,0.37398699629543763,0
-1.0687990586998128,0.6014362172588801,1
-0.4487545309471352,-0.03581804253200582,0
0.8151014492595925,0.5254809076958795,1
0.36204939451459317,-0.33115708115826953,0
0.9804798838847112,0.4935503359235073,1
-0.3231014923355585,-0.24227525464205882,0
-0.25668342323359206,0.8473984498489542,1
0.3818151387506744,-0.09662652065294192,0
-0.9222007521916771,-0.8655026032777394,1
0.5759259792765747,-0.04288445001442032,0
-0.15883428663767174,0.9721148456630129,1
0.3044590191045182,0.5126683412070259,0
0.8025255144909209,-0.7564181826628704,1
-0.33578698669038076,-0.09978310389553358,0
-1.133772401173791,-0.8852472524464655,1
0.27342075481859707,0.0995578795254321,0
-0.973798878438557,0.4281443165168355,1
-0.5290464599196658,-0.44382746300495207,0
-0.8429723819207313,0.2609031620276798,1
0.31737550896169064,0.17271361669191204,0
1.0043859404432625,-0.9667908025303753,1
0.5989505153820637,0.19387887882770294,0
-1.1933771447959933,-0.6431684354932393,1
-0.2639941693644875,0.40392893421202747,0
1.1786957021697342,0.4524756420963427,1
0.12735131143019013,0.2902592931455878,0
0.009123118088073312,0.9212573294671852,1
0.453787471155966,0.4667110089575744,0
0.30922750742919525,0.9251821726953648,1
0.023213909872711824,0.20128627675776128,0
-0.9700760298306568,0.7418826886554504,1
0.29751196079396275,-0.0784554428626362,0
0.5746348864928646,0.909471671073017,1
-0.045166265122695476,0.26512579325044205,0
1.0035923580358692,0.8813939032624301,1
0.35711193560456567,0.1393740569370308,0
0.4447098146630284,0.9598040994980823,1
0.361500231652382,0.4112376512355753,0
1.0778149166590423,-0.4359725258280557,1
0.27509014329687903,0.32582173551902965,0
0.9000492813935275,0.3397295004154144,1
0.49150813981749863,-0.19806058614981298,0
-1.0199661849933026,-0.659324621754954,1
-0.29760387901577834,-0.2579730118498618,0
-1.1221758520944332,-0.4754962794298735,1
-0.22831749138502755,-0.014065079813781411,0
0.8938826938194786,0.94527382361328,1
-0.37041424766859,0.09604689077261919,0
-0.8693196818955823,-0.8071906867266753,1
0.3065377176788785,-0.2864657700989193,0
-1.113771190439194,0.8945825856048955,1
-0.4084862124176265,0.005740301937064152,0
0.5316914417689189,0.9462068917331685,1
-0.23261541463901933,0.3936087939286973,0
0.8342562326749596,-0.061365174406296186,1
0.10659646857615623,0.2595949678136209,0
1.0695878221373651,0.7102266863963216,1
-0.2909188509088227,0.22521284554673565,0
-0.9815995600609421,1.1963534998314624,1
-0.1042337535874591,0.29849652856021625,0
-1.0916689164379334,-0.06384648686613925,1
0.3659385142359018,-0.20790840961168708,0
-1.1058079113962278,-0.986992017696627,1
0.26209351180579665,0.39803004487319993,0
-0.9105296165068298,0.29263320680753957,1
-0.23387352231167366,0.20464858507948594,0
1.1527505178973558,0.940010713668693,1
0.016186436062715026,0.37236343441181957,0
1.1155522144849175,-0.6847874303557628,1
-0.38435584969272385,-0.0008089560619431446,0
-0.19021278717099455,0.8005065717308867,1
0.27153174230258575,0.4778549975005429,0
-1.006497728471393,0.8359858900338317,1
-0.5629438450938125,0.35388214759351644,0
-0.5113377670240438,1.065113646546815,1
0.004316273511053348,0.4476501695887858,0
-1.1653635547690446,-1.1223997867809088,1
0.4311927182870027,0.48826284674536435,0
0.8213873096523082,0.052916794697756786,1
0.3407306364697772,0.274432959079151,0
-0.8173412103024368,-0.5509392229417036,1
0.3274027054038454,-0.04971924197063976,0
-1.0445251832584177,0.12467214513943348,1
-0.2236179550775899,0.017161338148834943,0
0.8301980003721723,-0.6963639862512835,1
0.3259737582265181,0.33001024917582966,0
-0.9688765000276688,0.0299456474491564,1
0.42305750264289543,0.2035360494232965,0
0.9625178833061767,0.8621396578433111,1
0.15788348779221445,0.36659891711115594,0
0.5532512572675294,0.8122922465700395,1
-0.23478821152311938,-0.2250798832394987,0
-1.1718048253912263,-0.21179277389415863,1
0.45075336960101464,0.11178696555988088,0
-0.7232633463019267,0.8487294726547568,1
-0.5724748349601246,-0.5102820643292317,0
-1.0229527009506196,1.0528804993040128,1
0.0716722850242999,0.5151035595082776,0
1.1911529296496723,-0.03324444789769476,1
0.3967519436466148,0.26976440398633217,0
1.136895042996507,-0.7804795019233932,1
0.579828557567243,0.4498914985299016,0
-1.049123363993274,-0.6142673851085108,1
-0.4350023449604022,0.5468998055790244,0
-0.939107284820711,0.8023809216652064,1
-0.07363148686529597,0.2760451487847536,0
0.9493570942222758,0.21172522904792812,1
-0.41365050736633047,0.22963163256754782,0
-1.151352917406402,-0.9349200621819583,1
-0.38017742240050767,-0.2091750793063838,0
-0.8802436761172253,0.20473989816390092,1
0.3915525268368652,0.46661619319806896,0
-0.5839400728357726,0.8804655259964329,1
-0.3437199507713467,0.34434341530677803,0
-0.5081372467072761,0.9604282847897984,1
0.3049390006609868,-0.13775591584368704,0
-0.42252502585641116,1.083428951074239,1
-0.04126659690958068,0.2713242488301154,0
-0.8259168857958902,0.6086317198887016,1
-0.5708793914668857,-0.19964312421981834,0
-0.9419450799030121,-0.12002302674793797,1
-0.13013708567249635,0.2063121313769751,0
-0.4242338272453605,1.1007234656939135,1
0.29790413596833354,-0.21318391756260757,0
0.34201050670043787,0.959413629357765,1
-0.4323691020210034,0.03492695413953634,0
-0.9291281885026068,0.4101221731383924,1
0.5043887130941912,-0.32081123728078836,0
-0.8959743428126865,-0.06077234848621493,1
-0.20698847472588358,0.09441910026853548,0
-0.8208252878224408,0.9479637697439268,1
0.38356164991232267,-0.21560874558247994,0
1.140997630321232,0.9656268818719076,1
-0.4987335112342138,-0.20802650377797477,0
-0.9183049068437166,0.5593921260774548,1
-0.5704843730229573,-0.4398896183456803,0
-1.0430697356651955,0.4776489807457289,1
-0.20202670106533796,0.1377681600595981,0
-1.0405848337569705,-0.40163386141165225,1
-0.36991425536086986,-0.11808166664367847,0
0.21147044499457512,0.9077984681262784,1
-0.5057118085898678,-0.3829534462282542,0
0.9917534906105018,-0.5532292473767447,1
-0.20225224055377572,0.30359905377214985,0
-1.0165133055799127,-0.7710888371050845,1
0.4275831115041028,-0.29354492532032883,0
-0.9321257199049486,0.8645515755880699,1
0.5683388786349397,-0.10086403470779509,0
0.7510040278917249,1.1930787941623344,1
0.5952274790486034,0.5607654438607115,0
-1.0453162823604158,-0.6741920871909046,1
0.21083725299299416,0.13157372461898814,0
0.8442375569328022,1.1034612914451492,1
0.3179062358451671,-0.04455955769989228,0
-1.1011850831645598,-0.6379647127160438,1
0.2989901004808344,-0.1921622710335804,0
1.000407739220833,-0.4838624984445249,1
-0.2600046807030868,0.10226902237009355,0
-0.45144106470837686,0.9987041797955066,1
0.1413378813686632,0.23500457580402467,0
-1.1481206493106138,0.06799159741712546,1
-0.4538273946252503,0.23147709548843326,0
-0.8807545242951209,0.4806946244101291,1
-0.35212799058543215,-0.11951335532433396,0
0.16487195345957129,1.132643156837271,1
-0.22045306486325744,0.005369190512240385,0
-0.9529812355536311,0.6019661267531666,1
0.4805459730539613,0.4822223567588374,0
1.0844370260524485,0.8703638163854333,1
-0.47644123225183993,0.5137754251116007,0
-0.06850053813351742,1.0497413276831804,1
0.3548545216898108,0.28356721277727914,0
-1.1666929035643478,-0.47498709226483915,1
0.5116583920976616,0.38267688138119405,0
1.0074904668537101,0.9755118383805563,1
0.5393438705092446,-0.31172620590287947,0
0.8896474585033382,0.07898614299505669,1
-0.27679785453027816,0.0883474399455147,0
0.9279648638784395,1.0132614870185,1
-0.3680335690533203,0.02569310316483947,0
-0.694970061263233,1.1619684519002096,1
-0.490161108548968,0.2622951723804168,0
0.15736206609028847,0.9294998042983328,1
0.3103072512487428,0.4312101757219434,0
0.14164699744306364,1.1731773719158147,1
-0.18404257790407186,0.2799727476714431,0
-1.044934442954846,-0.29824715441647587,1
0.5849381247902912,-0.21431003054259457,0
0.9065144886065292,0.528747668190031,1
0.09607084958640189,0.5462602869042271,0
1.0007935127530772,-0.5426900957358713,1
0.18166493714862897,0.25133190513576953,0
0.07110914784402333,1.17759623910998,1
-0.4047090164418461,0.3878476315879267,0
0.8758970439296968,-0.37684223864178856,1
0.10679753849623863,0.32034674396567053,0
-1.1064685661991005,-0.8656916673764524,1
-0.1162822659546563,0.34909801160743775,0
-0.9056210125798291,0.22530112273280312,1
0.1757541351720486,0.2354639979846537,0
1.114017216541834,-1.0950556533499338,1
0.2539314775301179,-0.18617476845634956,0
-0.9719512294644628,-0.46584818909196046,1
-0.12739224309469727,0.4532720035980674,0
0.9133917381218725,0.6194089417125342,1
0.3009985293520003,-0.20245881314161063,0
0.9304474466880105,-0.7891345652871873,1
-0.29309750773011084,0.14666313433724154,0
1.077673423848872,1.0980294725294864,1
-0.4666811522792398,0.4424638016022203,0
-1.1558672595857045,-0.4891072188691137,1
-0.5934620703247298,0.20786891111481032,0
-1.003415599013234,-0.6837365095236334,1
-0.21090508758922877,0.38051949770071214,0
1.151854574688986,0.8620462897155472,1
-0.41259751041417936,0.42439010038782476,0
1.0887694037424915,0.6304022959066098,1
0.5753772584885737,-0.35422130750134967,0
-0.37187235659238227,0.8215020653228972,1
-0.23063520592447093,0.21778383861503078,0
1.081179851417559,0.9124390025301721,1
0.1665523101732237,0.44186068078658725,0
0.9651437326711493,-0.06189629198063795,1
-0.2131286236263317,0.445492907518761,0
-1.1703585386628637,-0.7805829277599821,1
0.4287607048819748,0.5110433382252049,0
0.8146162837532562,0.4932295931229971,1
0.20999426410403138,0.13535486799974028,0
-0.1460637768713754,0.9933437667325531,1
0.4538434468025439,0.21289569108844347,0
1.1151909680196308,-0.42098876722520717,1
0.34355394501675174,0.24854514456253674,0
-1.070094662599041,-0.036364325270325626,1
-0.40885554697345305,-0.2647637890610752,0
-0.5416110437595537,1.0506384800885185,1
-0.36018261210105074,0.15769634589625636,0
-1.104099129480608,-0.3839018242045886,1
-0.2890832721376047,0.1536985702600729,0
-0.6942465584207056,1.0847823229076372,1
-0.30891987884174055,0.4917125050888115,0
1.1955860273075523,-0.6913055326096805,1
0.2232822052003841,-0.0582351212452871,0
1.1873219460738191,0.15775661672942531,1
-0.21808054420281842,-0.191263263765172,0
0.8527725850365339,0.07055378693726222,1
0.28146678846789147,0.1803201734843778,0
1.1597168044258677,1.1030059958170129,1
-0.507471002338977,0.5324476111994829,0
-1.162134288260801,0.036893411700899215,1
-0.35135684300413045,-0.2189481520173156,0
-1.1211146995464543,0.8338424223751733,1
0.08346477618907772,0.2004706070514638,0
0.8637011428322002,0.43336485375199973,1
-0.5852929703373546,-0.10063740566446766,0
-0.8673817709154407,0.48447549600318396,1
-0.42881339035016725,0.4969381796129636,0
-0.9924520154939867,-0.34905281342831107,1
-0.49644217458521767,0.32758444136426734,0
-1.1452440765531298,0.2320037714200891,1
0.031844790389067734,0.28105560146985226,0
1.1143421143900485,-0.34325006925171964,1
0.25508098614714886,-0.18730759139569916,0
-1.099567335673279,0.5493100630248962,1
-0.4546003803825696,0.41898344873826104,0
1.0486956641530538,0.6915723311298683,1
-0.13331293234636266,0.3040312117434115,0
0.9468134983923557,0.763963371504133,1
0.24457822070126012,0.2154538173898275,0
1.0264596368928771,1.1254116180813925,1
0.47917642549993333,0.5766384392493997,0
-0.29976454573458455,1.0586820412527531,1
-0.5792509462461147,0.5887034998021858,0
0.7360585229112588,1.1355754026115243,1
0.5094856033819841,0.3875823246753325,0
1.1877533470415413,0.8578894900059943,1
0.08907466784973522,0.2969067163567265,0
0.18584440487225318,0.9818210694815659,1
-0.11426610970949283,0.33906442395634423,0
1.047478124967231,0.7882178082534717,1
-0.3436241205581393,-0.08527139122498906,0
-0.12477911702445654,1.1873920664899043,1
-0.2685811718008734,-0.18914734432440547,0
0.017870435402126184,0.8655606484619063,1
-0.3201819301661227,0.032289442462310636,0
-0.623845393427965,0.8395264920894042,1
-0.5625581017523827,-0.4289730054103392,0
1.1302673779060968,-0.2979787166002751,1
0.10463545036759536,0.30742895668901177,0
-1.1765980133478702,-0.5488084909022459,1
-0.28851143090271614,-0.01998332598735969,0
-0.9948710637819311,0.2623398299431108,1
0.03736481477308279,0.4568297781083511,0
-0.9166343033907798,0.21703088528181325,1
0.3158851380416577,-0.3027707120166912,0
0.9740309034545891,-0.48377061475752897,1
-0.5353072611375661,-0.34258840093121623,0
0.08423975047395249,1.1143866978231323,1
0.5115168700328916,0.3689697530867192,0
-0.8752597132718872,-0.6656090929411154,1
-0.22246731529136646,-0.06581902361683742,0
-0.6496315656155791,0.946355611013086,1
0.35805632522909037,0.28212396930417594,0
1.173537984655945,0.8898394057043102,1
0.4605275307436328,-0.017752878737241407,0
0.9556294604822075,1.1226227664987074,1
0.2549244031428443,0.30516532943831903,0
0.8944335639743766,-0.5081430896321881,1
0.3478180465921541,0.4779069667790581,0
-0.0966504222791148,0.8685293892045475,1
-0.38135231843689277,-0.34859416555375733,0
-1.0102477205702058,0.9710448427592406,1
0.4095966128101527,-0.38701484878596354,0
-1.0750496635347364,0.8156562916324948,1
-0.30028473557925106,0.371085034988449,0
1.1006659255707647,-0.7494752147508761,1
-0.02571741989825327,0.24063130234005478,0
-0.9045995315295883,0.9737101466536789,1
0.23014933411279972,0.12004666900229358,0
0.8716752418011513,0.18722575621558568,1
-0.23154665875431354,0.11409993308648367,0
0.6006348522607357,0.9213427813863471,1
0.263226837162213,0.44562445976686477,0
-0.529239446265364,0.993737693429508,1
0.3675817476058155,0.40280820303149134,0
-0.9850759040757712,-0.4679638866288631,1
0.5463240292707539,0.27058409943197625,0
0.45011687079532525,0.9956121307884199,1
-0.39364281946790997,0.06611985437800721,0
0.861630998322364,0.6248406277514413,1
-0.20397266606439812,0.28833267502829185,0
0.7377801854594173,1.021681715946278,1
-0.4728177281333377,-0.16919489809951915,0
0.8878264533926926,0.20994097598248762,1
0.48516135267858534,-0.3486923247815353,0
0.8555883709174488,0.18190645147118434,1
0.25335966105977853,-0.11127473817965636,0
-0.9061529027897903,0.6165092817400097,1
-0.33819713557799697,0.15599358747398318,0
0.8624762540760403,-0.056327087723863856,1
-0.28129524290655794,0.3860590255263119,0
1.0290967764258145,0.5798073670252417,1
-0.25077319115645746,0.43038728133496007,0
-0.9691138618164046,-0.3781108907380333,1
-0.014190870673483014,0.46591035328175384,0
0.7119801353714694,1.0778437625682111,1
-0.34302685286840795,-0.14101860025085086,0
1.1806743911708262,-0.7779483743428149,1
-0.3064675583804368,0.17310654250456264,0
0.8639755677699178,0.2548316736574293,1
-0.26147860617979635,0.1537543049743244,0
0.46014258946421105,1.045063398069698,1
0.48594940637454137,0.05324374898058665,0
0.7218147836686273,1.0961026729982015,1
0.2543442809368872,0.4309027644890341,0
0.4998817859330832,0.916199505959106,1
-0.18962536138267516,0.4837110308128649,0
-0.8558009969188669,0.8795338195299467,1
-0.29260743927895316,-0.1942456173729888,0
1.0697479317719898,0.17420133637627244,1
-0.5486215602882267,-0.32025393602373503,0
1.0565218127620717,0.41602049208908687,1
0.5186621335185984,0.18209190801512964,0
1.0505561534373309,-0.14904966441588796,1
0.47341962986889635,0.14837276589798426,0
-0.9375146593196114,1.0449710241033812,1
-0.469663559530511,-0.200493683709775,0
0.9862935972903935,0.569255200209948,1
-0.5665833349879663,-0.39351788916031155,0
-1.1102578698531709,0.24151302163314115,1
-0.32871257513112695,0.16360725031643253,0
0.6750262683049233,1.1913293046452502,1
0.2508720430072168,0.29098392856131944,0
-0.6582554649282548,0.9214548642268341,1
0.4079488185210647,0.19662963731569105,0
0.9197348318808466,0.6668654611899204,1
-0.26646802652420093,-0.12243930826743324,0
1.0891370330405667,-0.009678276785274997,1
0.384826552822488,0.19426058574402683,0
0.6576255156771966,0.8016795117670692,1
-0.2754441223800668,-0.12077120780025263,0
-1.1876763978847236,0.7804266743271056,1
0.06344645855854533,0.2421778232278655,0
-0.8101893849680729,-0.15793869212935663,1
-0.27415150244568626,-0.2700935475030829,0
-0.9558791405010272,0.9872726859086529,1
-0.0014919580190992932,0.26957201081208376,0
-0.9350525020401581,-0.6840501416149634,1
-0.1883533866634573,0.3424367864927558,0
0.9293642844794885,-0.7141717886167217,1
-0.4365510113832952,0.11261344633265213,0
-0.3158036217457004,1.0079501442285375,1
-0.2809588252513039,0.41258790031735926,0
0.08713610701161856,1.1086477928670866,1
-0.28394328841208166,0.07960429540902658,0
0.12904578245697984,0.9557502850135026,1
0.5873052787251734,-0.16701879969736516,0
0.5227977132009866,0.8007924475111176,1
0.357676451975919,-0.19572643121601283,0
0.8407764679157886,0.23502891772531231,1
0.37496998361513184,-0.26409871401290397,0
-0.9308934616749834,0.3911983748634714,1
0.32080609174825714,-0.10419521437367052,0
0.8307112982516328,-0.6174480718379567,1
0.4239441614887417,-0.3230085462387242,0
-0.6767322633127264,1.1173372587019865,1
-0.0613492139955486,0.5697492331616423,0
-1.1683135205874882,1.074816415734778,1
-0.42835787277074167,-0.14446918662370845,0
0.0015456749100930534,1.1934749845958004,1
-0.5173282050854788,0.40859407517715074,0
-0.8472885300883968,0.01540830369142765,1
-0.4607951679526955,-0.056489953226791734,0
-1.126544410941941,0.2512888754605802,1
-0.5602811768358068,0.31930348454254365,0
0.6974309007987644,0.852224725052492,1
0.5479587581443299,0.47472994661657575,0
1.0403295666888965,-0.13695020272079927,1
0.48469111539470955,0.0516847643107845,0
0.8303111289645728,-0.6049077209540573,1
0.20857031522701097,0.5247475200410908,0
-0.30246596922473423,1.0646766998910473,1
-0.4471691788613844,-0.2978495350181881,0
-0.7221716697410725,0.9886731913778768,1
-0.5811583964877326,0.44505206368541017,0
-0.8044446482831737,0.6714952864495367,1
-0.4749094700654729,0.43012248496241523,0
0.8237953049201316,0.4818262847851471,1
0.5796672412806972,-0.008852366249057608,0
-0.7313747237057677,1.1987361801301344,1
0.26544734806760684,0.04521461463798482,0
0.9330535997882674,0.7963200604595579,1
-0.5193746658976655,0.18314533292288715,0
-0.8789607621703045,-0.2810356058854715,1
-0.2230222074338773,0.17618894790251016,0
0.26714249734096573,1.1210860143875354,1
0.3556209124726929,0.25458203072713304,0
-0.8277442896429271,0.8053435303117523,1
0.23662613958767525,0.14503984223964433,0
-1.0792072721233865,-0.925497340904945,1
0.31749728405002764,0.39179683286299316,0
-1.085726995089039,0.9039254136799633,1
-0.23010969794840658,0.11295327060043198,0
-0.8016373201491,0.05932783082390436,1
-0.5206387208538621,0.32811075127284106,0
0.860982638858802,0.9034129610598829,1
0.34459491332978903,0.2542177904530933,0
0.8977435787146705,0.7780958085621396,1
-0.34067486686919196,0.26883533357649375,0
-0.9371036601567267,-0.8663216414523187,1
0.3868529334115174,0.3139266293028756,0
-1.128073953755387,-0.5278449941936373,1
0.5464080891935013,-0.38311194206483606,0
1.0614787223777709,-0.5367764505826854,1
-0.5478506796233122,-0.12118178688118536,0
1.0476567015450597,0.34584763521440887,1
-0.3590167228323608,0.21574032925485415,0
0.5096466648697747,0.8574484862546975,1
-0.16313986515414616,0.31913920239882887,0
0.9592050954510827,0.6581177958890203,1
-0.4215349375592663,0.302824389032049,0
1.0110723884162878,-0.7734496573204763,1
0.03560707769729257,0.24444041678937098,0
0.8184905724443172,0.19540483156192723,1
-0.4799446057329426,0.2572578055532214,0
0.002125779197815092,1.1035282485240197,1
0.1384443924045149,0.4282606956363223,0
1.1979740627320685,-1.0101384173676273,1
-0.44747359756416827,-0.066537443482104,0
-0.8834905429524299,-0.07508101125326228,1
0.15986610423928477,0.47397381111043585,0
0.890938202735599,-0.17140833992867688,1
0.3589747547187839,-0.3502297024922388,0
0.42701552037566315,0.9664409979326023,1
-0.28313534283151687,-0.1282895890909633,0
-0.5620903039871986,1.1864492146804135,1
0.3755729995073069,-0.17697967886872493,0
0.27278263545103076,1.1020266297104846,1
-0.5260089142923059,-0.3910288390877884,0
-1.1446906673467632,0.3527897052053748,1
-0.38371703836368387,-0.15148427545885756,0
-1.1039094885167062,0.6003501886463569,1
0.22499276362467224,0.27283107853070565,0
-1.1547008481882488,-0.6655982037780374,1
-0.22600449242204784,0.23832464599053305,0
-1.0134071542694603,0.14368890154511038,1
0.42978680543997416,0.5521246701508877,0
0.35365267911750764,1.0836726031719586,1
-0.5775415986438504,0.026101837575171705,0
-0.805356668428962,-0.40692844937207184,1
0.4513905230309405,0.07652170618185716,0
-1.0303579416788922,0.02751594618517683,1
-0.406399699349021,0.10152168799115446,0
0.8449898274029318,-0.7546447565783204,1
-0.054860271843952424,0.47538238966919827,0
-1.092559243330835,-0.7981356610626948,1
0.11567037441718905,0.2337361584775494,0
1.046478250885268,0.6441539166690857,1
0.34143240096387817,-0.2415232533290222,0
-1.188977503393883,0.6876171940217004,1
0.01494198410658265,0.5902158492007055,0
0.8470913828540967,0.902035823385849,1
-0.3003088709532651,0.1520689741839143,0
-0.8087832118840639,-0.375557996924802,1
0.3054920136395042,0.1803803899039193,0
-0.9603293415857415,-0.31204766697517283,1
-0.2542995299785882,-0.10621416630324429,0
-0.6957341118094016,0.828734771815073,1
0.31766642640334497,0.09121173188339848,0
-0.11387379620231397,1.134619761447339,1
-0.38052416160078417,0.33321133253566315,0
0.8487590008512662,0.6067023925133206,1
0.44151217919761554,-0.37728575225544103,0
0.6788890482859333,1.1166228759814074,1
-0.4424306621298436,0.04370443269229285,0
0.9505161459801463,0.16037741916429726,1
-0.23858643479877661,0.14355395680573763,0
-0.5700710285385733,0.8695447538549517,1
0.4663460228952821,-0.14092445845735413,0
0.8223999328874689,1.088793454023322,1
0.5601765097354066,0.32220365960451436,0
1.1619062983222426,0.8806555079424405,1
0.24904792461342123,-0.00977733685353041,0
0.12182073591808473,1.1392755657527824,1
-0.2513803544298113,0.210380303382027,0
0.8023145808803307,-0.00360802693746487,1
-0.2374508186997768,-0.21275612303248273,0
-0.021672294992905905,0.9610361855862397,1
0.3642547853952989,-0.0011691152958610562,0
1.1750471502661435,0.21105719557833091,1
-0.08804116724952044,0.48244223691258065,0
1.0779608914282885,-0.7955538741467143,1
0.22561522637209658,-0.09801042698321089,0
-0.1529903492413942,0.8987946212918442,1
-0.2831027610393208,0.23659536426483102,0
0.9563668591757235,0.6178492857890809,1
0.21169442611845168,-0.1681421790360599,0
-0.8499014912416545,-0.16788353246904775,1
0.5098652680586782,0.3806991369785915,0
-0.9479831231435423,-0.606624902138597,1
0.33495306220586074,0.27108955077202446,0
-0.9230379830833573,0.38021619787194205,1
0.018137815167392962,0.2251531310168825,0
-1.0032057061415833,0.10729470655000317,1
-0.2608897239665009,-0.23348515014660115,0
-1.0937964454113474,1.0110530233646993,1
-0.2381779232950738,-0.16420639757575206,0
1.1844569062800299,-0.26436325693288976,1
-0.48559204582028564,0.2904193747896378,0
0.37782583590967656,0.8482360327844768,1
0.3994833674613192,0.5187247393298229,0
0.9048771309230998,-0.3350975168049315,1
0.20512978575300314,-0.07152330924381475,0
1.0061116941424546,-0.3910712379163819,1
-0.1277916821334171,0.21038904507752532,0
0.8110221840100801,0.277431245226616,1
-0.5032884095325907,0.15283830266638387,0
-0.9434538153160107,0.9393646825306855,1
0.24638471912932675,-0.1680867263160427,0
-1.1275382807300618,-0.38284325492211235,1
-0.5916326059585858,-0.3094906410946004,0
-0.6629078833221642,0.9047089082226613,1
-0.44741312810312833,-0.36260904904849856,0
0.10092187205737546,0.8875328110156192,1
0.2028216540131258,-0.16277663354705693,0
0.936711763057632,-0.15655033492251313,1
-0.5898152299840873,-0.3162679561791916,0
-0.8872863234490286,0.8193664463097782,1
-0.20049253099491762,0.3658474632694365,0
0.7849612419859266,1.1116666279436915,1
-0.40368014524418777,0.2282617782540844,0
-0.9223611110767953,-0.1881864000896979,1
0.31738799786881794,0.3422932864348574,0
-1.0824242416529601,1.0667717974191413,1
-0.2757181264997666,0.5619883762817748,0
-0.8384604500148176,-0.48503487924128585,1
-0.17007783539533267,0.4418989498023279,0
1.109616248587979,0.30050289383816287,1
-0.4104978134729734,0.09136278516642438,0
-1.1064289708340667,-0.6769944637643213,1
-0.5787959774118645,0.5188936314624395,0
0.874328262240821,-0.3804737307737408,1
0.38638900017604766,-0.3634901341179737,0
-0.850597644631133,0.21214123220397996,1
-0.06024601223221804,0.32759723404771424,0
0.0485463631504377,1.1764713183128015,1
-0.33038447984990194,0.07862535656985215,0
0.32548231616992496,0.8241804372285428,1
-0.0008100945907447699,0.4847311405201582,0
-0.056406652460864515,0.9901105974199705,1
0.26143335623605823,0.3139001040879189,0
0.3281941280658356,1.1333410880119519,1
0.5198680711240828,0.22092314342185704,0
1.0854140033147097,1.0655447716280462,1
-0.23927936152366958,0.2489807243843285,0
-0.6164593775566384,0.8536259300214055,1
-0.5980991851697084,0.4006234387238852,0
0.336991099538305,1.1311056275003828,1
-0.5703106208227728,-0.017060393717705957,0
0.35476716822858667,0.9847306785746412,1
0.5848144197977928,0.5295172403264973,0
-1.0121969436562952,0.4266999618116223,1
-0.03466046903749068,0.23271763343309979,0
-0.9638183416017774,-0.16551596891761422,1
-0.506586374626284,-0.23306476619099298,0
-0.7810588139946165,0.8718928770432486,1
0.46886270198017505,-0.07530260618761048,0
-1.0927435759997297,-0.0598498162056762,1
-0.2215359474392626,0.42251280974980465,0
-0.4251020270881194,1.1668188926051,1
0.4517188998008965,-0.03436509033223745,0
1.0029122372041028,0.6472036913354315,1
-0.20860734552378105,0.16630913827768765,0
-1.000225754830767,-0.8205785759536025,1
-0.4636220535929122,0.14790812052389724,0
0.23921805360723214,1.0531285726793334,1
0.43532520123599217,0.5701733153027019,0
1.05309055269115,-0.4686342866425983,1
-0.019761036547172595,0.3300167929636,0
-0.44036434492213816,1.0420111981931552,1
-0.47425733702149525,0.11274076312140796,0
-0.89582641980674,0.6995669764517869,1
0.18031860608467487,0.56506865835213,0
-0.27903527227364433,0.859546673206995,1
-0.10045226852013159,0.26822469425188455,0
-1.06811860198983,-0.11760488214832332,1
0.5328045594973843,-0.4937047313594226,0
1.111848334265166,-0.8344312471955297,1
0.4896425665577696,-0.03364421245847565,0
0.840695525960415,-0.05562774457941644,1
0.563122627369491,-0.22355284854315965,0
-0.8524008051745673,-0.36731066371676657,1
0.059209681932247515,0.2568004096750892,0
0.11602774391802795,1.1633262651554332,1
-0.4824397759107851,-0.4263117874766833,0
-0.8098276408493666,-0.15791415604195136,1
-0.19211985384586067,0.5093540830903587,0
1.016412615685794,0.22299060055158204,1
-0.2438493011707693,0.25316632003931455,0
0.7092997455289376,1.131560505497395,1
-0.22443085835845725,0.08757658139264243,0
-0.6016469659565808,1.0586570684488348,1
-0.14344884715154615,0.2443421331141992,0
-0.2859016612000148,1.0065913018948551,1
0.545653985909786,-0.2106886612909752,0
-0.9362313552147634,1.0618931288835172,1
-0.48973554208929687,0.2845419043660962,0
0.6832892856391897,0.8148617383965697,1
0.3277050773527634,-0.28252079548539644,0
-0.9045890822400144,-0.41536678920346304,1
0.21620913673101816,0.4154101140343275,0
1.087417893556152,-0.11225156958061544,1
0.2508807014739512,0.09399894018310045,0
1.168020007778423,-1.0611681522676022,1
0.3347463738802247,0.04555243644116452,0
1.1809741195179146,0.4727516853773064,1
-0.4831064564923771,-0.43010687494994404,0
-0.18601641315702822,0.9011859533028637,1
0.24251928582265095,0.10977994393488191,0
-0.532932632390665,1.1266157448210525,1
-0.17739130988893667,0.2888742600195381,0
-1.0797018848308795,-0.5495183982469602,1
0.17679802463389893,0.4378978202631346,0
0.8773001788752697,0.807615904994798,1
-0.2961847011517913,0.21018915393850268,0
0.9795715534737508,0.9597535304624962,1
-0.22216611190828325,0.3500486898183225,0
0.9288268978710721,0.882717092178793,1
0.4079539430145602,0.1765932157499479,0
1.1592323108034566,1.1040698104839612,1
0.3029173876110895,0.039029044707157345,0
1.1757269180774088,0.7150072425387906,1
-0.5641216762358576,0.17708712747209066,0
0.15935570869604987,0.8177893085967977,1
0.2525255800212024,0.18620996966515385,0
0.9012542781702103,0.41750890066423996,1
-0.20768430169005342,-0.14140240515150926,0
-0.8658415396379953,0.21011744300212576,1
-0.12468066861116117,0.20468662033421184,0
-0.8231561050320134,-0.1260874350004565,1
0.3374453954184861,0.49358868218572355,0
-0.8801258708236517,0.1251459563634283,1
0.5155228918667853,0.17916475412469346,0
1.174167234533785,-0.17807975768393192,1
0.09812858143018044,0.5036064759066858,0
0.8838611734340142,-0.35799687106068323,1
-0.25579297435568127,0.2536587849267682,0
-0.14142803524503456,1.108982071464884,1
-0.5706043893995588,0.45505625864973787,0
-1.1908126924638958,0.05375124778591034,1
0.13373718749036428,0.3590591378933548,0
-0.4761819402670683,1.08007027729516,1
-0.49267275353149204,0.31133014339657533,0
-1.1335186825518648,0.2795860253268694,1
0.4518221362257756,-0.16624188899976922,0
-0.9231413962333126,0.22202495232201236,1
0.5749409595963022,0.3861623317908206,0
0.2331789202726231,1.188324260273189,1
0.3536722911425362,0.014926336238869575,0
-1.179897836872854,0.853137579518803,1
-0.5570694848656059,0.057846960860096885,0
0.7390362280007472,0.9689983986394688,1
0.41113193140954357,0.09383038460166743,0
-1.1592928206959907,0.058525550820178296,1
0.5944834194826476,0.44509447628335486,0
0.9175380880458445,-0.2013003691194638,1
-0.05378456339281901,0.21978478293365097,0
0.8249890467436127,0.9282156888392821,1
-0.09681296198411882,0.47719905799134843,0
-1.0521974061266892,0.9956260355060449,1
-0.4855877935668408,0.024624923343743443,0
1.1280456167243036,-0.3898619415469896,1
-0.38530787994970994,-0.22944602933888264,0
0.9082961447161674,0.8439602489880397,1
0.20011332503435886,0.4911413919483719,0
-1.0220974240628395,0.5514054329986045,1
0.36746284237230376,-0.121733497051005,0
-1.1985595025194178,0.003930665056518068,1
0.5122318538715793,-0.3991388578108648,0
-0.8577488975275935,-0.05221229103268554,1
-0.5205888615797853,-0.23475976043679814,0
0.9292955470454397,0.5344533981819947,1
-0.5406478502917391,-0.33673220704805895,0
0.4413971838449048,0.896217724281238,1
-0.3985781475247283,0.19393327981638664,0
0.8247328810559861,-0.696728497185545,1
-0.36880244879815754,0.3713985032077629,0
1.1241379079663156,0.1707923331419392,1
-0.570491702272109,0.308106689358278,0
1.1053913638699655,0.3006046548635435,1
0.23284534425911985,0.030462208884854847,0
-1.1624936536650199,-0.37804923087839093,1
-0.17993244077081122,0.27725921401230563,0
0.8546809683068696,0.341137314301622,1
0.50009094275809,-0.49747847904446507,0
-1.1623364831074752,-0.732394192446701,1
-0.36082481707662584,-0.15458208471770266,0
-0.8303672426709828,0.7799403150685343,1
-0.09374621594809171,0.2500508466963291,0
0.9513618094137437,-0.6699352005445347,1
0.5245487570433665,0.19667829836142525,0
0.8870082062392075,-0.13201390652098743,1
0.38635940106489264,-0.09850733716916876,0
-0.5734067442149112,1.017339325143119,1
0.3176998981509846,-0.18787785210595892,0
0.9396823293040388,0.08198088915186164,1
0.5994584035049626,-0.5758933245658993,0
-1.1196681585285955,0.8617981511507717,1
0.25195804743516753,0.18516809656181987,0
-1.1559722052047086,0.24636037162111535,1
-0.32328433870127204,0.2479909450315818,0
-0.08005233510455412,1.1414577287746468,1
0.21054450058764893,0.18781818175190054,0
-0.021118401436601597,0.8790173236671192,1
-0.20424848051832367,0.06330159665293417,0
-0.8075713265005354,0.1284202165767928,1
0.01673694059654754,0.23472649891666034,0
0.45643476491246315,1.1693130530781966,1
0.5827097137384306,0.5370695060478866,0
-1.0310408603850878,0.6914016355569932,1
0.21490500780814725,-0.1877130386833053,0
0.31985213521503675,1.0989103103216469,1
-0.3723991911417749,0.39925474098461633,0
-0.8019215365895018,0.4884169740680191,1
0.23389642500669808,0.2100082478774348,0
1.079805725197801,0.5752507460476208,1
-0.3923401392862903,0.5118887102403429,0
-1.1232372162105493,0.2338561878519918,1
0.5635482975243222,-0.21003557985157945,0
-1.1159654928875031,0.28257603858302116,1
0.23211110716872413,-0.1159179444062988,0
-0.01061467763616497,0.9887467476281359,1
0.21585092972648345,-0.18472264619322495,0
0.12132471509202547,0.8483843479078121,1
0.26719989176978814,0.06019337703792976,0
-0.9065564859454475,0.7617078020798883,1
-0.32200730753421153,-0.31999036216402044,0
-1.005460401845794,-0.7952730660949128,1
-0.02100315451517276,0.5535494138563433,0
1.0521795009834518,-0.31911345467871044,1
-0.19877923793768248,0.549322439513796,0
1.1714178594046365,-0.32008369396697756,1
0.42829585107503887,0.08842559302012298,0
0.9868965592562302,1.142523774691427,1
0.02783464403425112,0.33286033523733616,0
0.35713640431363425,1.0263610933093559,1
-0.42176840765228396,-0.38905512291062166,0
-0.9544929617990516,0.24396220611782704,1
0.3175945170172759,-0.21038724986124402,0
-0.14734836672229912,0.9279976464828577,1
0.5474551162371741,0.5734765778110722,0
-0.808245889042139,0.9544127757256191,1
-0.28675296105545434,0.282102868601972,0
0.9563856356897469,1.1376382198731843,1
0.5552288277683399,0.38592082768908864,0
0.7489992950955446,1.17745976790069,1
0.32099114226709036,-0.32065501495110527,0
0.8161929540051664,-0.1337765776444675,1
0.47670150001595873,0.3461882099060232,0
0.34677655746092884,0.9118825125330737,1
0.5995487967012425,-0.48252433156718577,0
-0.6330325743785379,1.1295403778303268,1
-0.23293188582836347,-0.14726102865242538,0
-0.9387906524617786,0.8734914271342518,1
-0.4448109026303934,-0.1113885868167312,0
-0.9342302645203755,0.09651803315016938,1
0.36930350311501114,-0.3577580442205292,0
-0.8532213905474466,0.9793346835397754,1
0.15752980297387587,0.2675413761119694,0
-0.847059450147584,-0.8176098851211415,1
-0.5507595717386218,-0.19088988759625108,0
0.8566801327976692,0.7333332143216462,1
0.21749811979922706,-0.12643145061663777,0
-0.01796676688707266,0.9198733153637763,1
-0.22916309942868096,0.06598253877639987,0
-1.0128734648034132,0.7633416779710935,1
0.03223159266955061,0.47785450146285263,0
0.8405341048024726,0.40463992352608447,1
0.10440953356215676,0.2301553650926822,0
-0.8359482002055427,0.1867548436080193,1
0.5535264058093764,0.49523806184340147,0
-0.9878641628211241,-0.3709022221898294,1
-0.5253135469617419,0.1041255904847852,0
0.8896141306433826,0.7272468650652982,1
0.37523464332930834,0.20926991161556674,0
-0.7625821220993452,1.0171056788802293,1
-0.41322437884980545,-0.07455744565721328,0
1.0739474485699319,-0.8927715063857894,1
0.5771388378222233,-0.5040299424938418,0
-0.6691914880478294,0.8259475303419235,1
0.22206600622686598,-0.1617583834964157,0
-0.992378655097453,0.7382573361388772,1
-0.32217393225017926,-0.271545220971691,0
0.9777605312396205,-0.2400829160962581,1
-0.3484399498932312,0.5161898281808759,0
-0.8532833420117429,-0.5101704664553208,1
-0.5844302715363521,0.08544289972757435,0
1.1032468221332479,-0.24750139243248692,1
-0.4345945776531798,-0.05987839216991375,0
1.197889464289959,-0.04652601234173126,1
-0.41638037176938536,-0.3126925993517759,0
1.0387893045660554,0.4528258864153416,1
0.41209930549306706,-0.17794821500832578,0
-0.38146011459287166,1.069446174922467,1
-0.04541664285490432,0.3220256492753545,0
0.8726771980705805,-0.08515030348038866,1
0.48412523004269026,-0.2785384029060666,0
0.9418483091507003,-0.8846686215660782,1
0.39640958564024753,-0.2370648149911541,0
-0.9970130677722877,-0.635435577409098,1
-0.4916877004552121,-0.26003673514431913,0
0.8611431495863089,-0.24278323569395133,1
0.5377411702476662,-0.3192180585655775,0
-0.8085846657971146,0.647537953921428,1
-0.5782538648414675,0.26556837237810815,0
-0.9191370953199367,1.0635359570721037,1
-0.5741176090904196,-0.18795490467144121,0
-0.8595175089279559,0.5503651556959945,1
-0.18762503071687306,0.3564185153913727,0
-0.863638012479311,0.17249178471854476,1
-0.30929158299086545,0.3940397753299606,0
1.184075667106633,-0.8960759287587412,1
-0.3928081417169935,-0.3238632505092097,0
0.24230680563437257,0.8376010891947815,1
0.23924815697581625,0.18943555987277128,0
-0.03272490153616325,0.8234448303479449,1
0.21376224586937292,-0.19325449522012955,0
-0.05076664753370497,0.9109519953126225,1
0.3021764583873461,0.29984548882736106,0
1.0388065439901817,-0.4539464702408441,1
0.562132968302665,-0.4050743974583603,0
-0.8249487918452283,-0.6178433788065105,1
0.4160551782585141,0.3957509528438461,0
-0.8627983346900528,-0.3150548907981253,1
-0.5207800429369338,0.34117783234933585,0
-1.167596978312869,-0.802963458646128,1
-0.13290948978932782,0.20049346976005578,0
-1.114245052432985,0.2671582388881757,1
-0.5544400313626068,0.1066575745200532,0
1.0333623372202596,0.08853462703213011,1
0.5781734610336965,0.29943211600463027,0
0.9412095368896474,0.5217858347222923,1
0.4731310047861329,-0.4153640108379914,0
0.8022920423130968,-0.4348270225765475,1
-0.452701841221247,0.5176597514314394,0
-1.0339497357637755,0.5772298314056097,1
0.5125269815739242,0.09953173936994109,0
0.5708573021428367,1.1068636405104764,1
0.20705273462659285,0.363949316617676,0
0.9452646036431809,0.7360463745214083,1
0.11242231861434315,0.45942622562368574,0
-0.3090039216478514,1.0687938608373309,1
-0.395469005825941,0.11987941825546145,0
-1.1872211178609144,0.14629833258203884,1
0.5209618406645244,-0.18754681350292485,0
-0.5075588365676021,1.0394113160164877,1
0.14852766733608547,0.21784332060215228,0
-1.1765799463018807,1.076621507988448,1
-0.24147151816739268,0.08647424653881322,0
1.113109681826083,0.07482936679034902,1
0.32040688066628265,-0.2948736942548056,0
1.0959048325663863,-0.3396693751907994,1
0.1015672637525371,0.5468131665208014,0
0.4767256095949104,0.9740319542576679,1
-0.549351071479778,0.23662443962591162,0
-0.9228124953575074,-0.06517047780695362,1
0.24158025696092011,-0.07093154388196152,0
1.1778975797784823,0.429917180811096,1
0.5512355327501371,-0.13879892792338266,0
-0.8237373377207391,0.7095480854632661,1
0.2723927352131488,-0.08948024296950222,0
1.0105216374313788,0.9992257168309038,1
-0.29043077397506695,0.18836401031947808,0
1.142213778827061,0.0768520890116744,1
-0.4895508039616618,0.17691087185609938,0
0.22403562842590197,0.9331511407836994,1
-0.26419864747628624,0.39781578259452255,0
0.7230031740277534,0.8295483999594333,1
0.03239702572072456,0.25933182056049847,0
-0.3316368325362844,1.110849947137365,1
0.5895121014314623,0.15742952167037083,0
1.1868904063525418,-0.16230806102033002,1
0.32388188005958446,-0.09586740062334478,0
0.1393097958792645,0.8633521433300856,1
0.2313117988541906,0.19226266400675976,0
-0.5648836916671033,1.0072634335255528,1
0.340734645593662,0.08469243545596772,0
1.0239641115787061,1.16450278004667,1
0.3482782853793448,-0.29188485638367384,0
-1.078910089746286,-0.17917590821523022,1
0.38833367717715517,0.1198376001698096,0
-0.8667559744518232,0.39173023105267735,1
0.433273208056123,-0.2799682137070078,0
0.6508349474427708,0.9249577672077718,1
-0.2480023652560409,0.5812496075345852,0
-0.9431327285348152,0.19462972124827482,1
-0.23797899807933873,0.14464193695235908,0
-0.8755582414516769,0.1173012824762073,1
0.5129960277195713,0.3364764210828868,0
-1.050723077653192,0.24110764949486696,1
-0.4241555070148084,-0.3805327549604459,0
0.9063553251696124,1.07922478369288,1
0.5958879273006089,-0.35975890863793825,0
1.024554662283741,0.7481071083319231,1
0.5006279622826613,-0.19729970217158477,0
1.0550347374745903,-0.9571200301517814,1
-0.5833967545388411,0.27673641333497834,0
-1.1969385273584958,0.7343587733173096,1
-0.5505401670995258,-0.3490385869402127,0
-1.1650590558617346,0.07601945631788287,1
0.13298444048865665,0.3763740554951356,0
0.9411892338377494,0.6442063642580147,1
-0.2826972789083499,0.019310487182088998,0
-1.1120944263147956,-0.11893388008808359,1
0.297380354136372,0.2917118570205115,0
0.24314642360753502,0.8275930315465231,1
0.285638805776775,-0.2700661614646855,0
1.0980407212665415,0.548620191041145,1
0.09599060491383582,0.2903426096247222,0
-0.6763010281261466,0.8549437076167177,1
0.4505385809308968,0.20352240461660098,0
-0.8364622644531325,0.649343348863261,1
-0.17942344454692039,0.23163949685753785,0
-1.141086666026494,-1.0156116592856987,1
-0.5359066161696402,-0.47579827204474784,0
-0.8568338209564321,-0.08714478246056367,1
-0.2979510991541795,0.3356906564837759,0
-0.644127388839149,0.946773117337368,1
-0.21334838753210447,-0.002301061879333155,0
0.12967852081894582,0.8467764904420316,1
0.12570862580892528,0.32946888964926346,0
-0.8372425907019059,0.6864023061932085,1
-0.34284739529696107,9.8482330352756e-05,0
0.8829363953246062,-0.752199799842145,1
-0.5204451199071218,-0.3446643314332028,0
0.37682948798640936,1.0740747560196109,1
-0.2833309202276012,0.04861479965460447,0
0.15090418213720802,0.9397984650679047,1
-0.11995509192719245,0.30049422567484574,0
-0.09311565719286663,1.155295197582003,1
-0.3124519916918651,0.09178409767972473,0
-0.8412353622760342,0.8340367580301489,1
-0.4290629201631083,0.17160461498677837,0
0.608194137660513,0.889586022738981,1
-0.4697747030588353,-0.37694626243067997,0
-1.1512271717029148,-0.816319773495235,1
-0.5715456720584389,0.03845278379675976,0
-0.908186137792224,0.6393616335035193,1
-0.35261811972122675,-0.27860910204946776,0
-1.0761187319043397,0.7066029004064798,1
0.06388667665213776,0.31940764286372253,0
0.15183236954156432,0.9986720709106073,1
-0.45005156391232115,0.3545324170221603,0
1.025398468157572,1.0674035282076872,1
-0.3167104919817129,0.03421826212397866,0
-0.817989382975977,0.870442263248744,1
-0.4835851950857722,0.44294435702495133,0
-0.8806694170822227,0.8045105405617685,1
-0.013324855708088335,0.2918739629947772,0
1.0495710116891142,-0.12408023019790382,1
-0.547384430680097,-0.31965160910434826,0
-0.48131597066249776,1.1744477527663255,1
-0.3382300473045263,0.5674111057062401,0
0.9530655262933454,-0.8394031058398359,1
-0.3716104567624256,0.5998718814750761,0
-1.039480168255274,-0.276338967424856,1
0.19238392625678624,0.2494003241851367,0
-0.5997394719694128,1.161493039635621,1
0.4379864383947751,-0.4166509894573107,0
-1.152346507836115,0.8246935658718835,1
-0.15424231531727253,0.286743080406342,0
0.9044939381960849,-0.2054887338529875,1
0.43214931453638517,0.24069779009190595,0
-0.8499208484277154,-0.3500768049955953,1
-0.39265490981342677,0.08695771707440147,0
-0.07698952743110776,0.9407609807748133,1
0.4026409800710992,0.3464543730022475,0
-0.8381834399229655,1.1010600972266054,1
-0.21510163814160893,0.06859727495903517,0
-0.9975860318801473,-0.029588428814985357,1
-0.5726108623926822,-0.40048421890662045,0
1.186253140695231,1.0317133047480456,1
-0.599511782469828,0.39791315801958504,0
-0.8370877982743256,0.7175081627615522,1
0.34143197017728544,0.3006657195909387,0
1.1337701536223221,-0.8793197321979054,1
-0.23067518550128818,-0.1941372921531334,0
0.8124269212549728,0.12896910958568764,1
0.35801098132556775,-0.20417286741697782,0
-0.6196133419597193,1.123281223013462,1
0.02850032373256206,0.31345288551289296,0
1.1255364946311364,-0.6638152025026238,1
0.28186025816578736,-0.01435582774967159,0
-1.1382984739775281,1.0438263856203842,1
-0.34235480397799006,0.17353363847233666,0
1.047186115904711,-0.22839750050028096,1
-0.4156532534947812,-0.18051048138694983,0
-1.1328724876683927,-1.073279227439957,1
0.2060923898874123,-0.057329146171199025,0
0.8544739768806993,0.5119923111133244,1
-0.265344371868349,0.2793228369252382,0
0.33235018014442297,0.8725458100209192,1
0.23915414840917393,0.20404564430470784,0
-0.9424496613445253,0.9691716538169329,1
0.5159459435069422,0.5251641075922142,0
1.0473239819843692,-0.6900402371272021,1
-0.5021798013609435,-0.06897690386410915,0
-0.8625061068497123,-0.20275016693817594,1
0.36912464793551625,0.520826237467719,0
0.8788401989630541,0.5953599652716923,1
0.4867586550664152,-0.212106783433745,0
-0.8201515302306105,1.080207630635492,1
0.17354595444988005,0.2390287661601377,0
0.9899231415639242,1.1128189043273662,1
-0.06532674839779257,0.23346440915682165,0
1.0101549400370615,0.8432293083885798,1
-0.2779671432253086,0.026654290048216678,0
0.703157957120089,0.9284954518263626,1
-0.2422562111284372,-0.04722935867174469,0
0.8940780898958872,-0.33206647334433426,1
0.2925065688158237,-0.17299586178202364,0
1.0476008696693737,0.33985146981785963,1
-0.35935838537921405,-0.08547289731971236,0
0.6775313466827118,0.9863130680397281,1
-0.2746858943558913,0.4424041147971519,0
1.0335887158579269,-0.8958846623539654,1
0.42513621147955116,0.3304968754076333,0
-0.9835396908274123,-0.7951657658731686,1
0.34735653509215936,-0.11293285480324097,0
0.18125888359636233,0.8540252145155393,1
-0.21371754929818987,-0.1859834507505595,0
-0.9629940777930784,0.6090610592451718,1
0.19099972225093997,0.42272058937555634,0
1.1045412970021138,-0.653163770011373,1
-0.4112427851925253,0.3052840359268842,0
0.9862819081920056,0.3941516930032516,1
-0.3357680303440879,0.0360733218497295,0
1.0156069756132493,1.0494446303314726,1
-0.12819985929789252,0.20152070352424403,0
0.06562825080976387,1.1166193689588662,1
0.3580715750254709,0.011665730356118564,0
-0.917221405309481,0.6210957086221677,1
-0.24336649948530448,0.4303205723746958,0
-1.1074889102039507,-0.9819511670681665,1
0.5812383924578144,-0.17713052260091633,0
-1.184819705862927,0.9031616147673105,1
-0.25559156063664046,-0.14152408434455394,0
-1.0708291412414632,0.564819707793961,1
-0.2288438695592018,-0.030778570329577426,0
-0.6168752480046451,0.8180171136231047,1
-0.022051155195833616,0.4773592306445014,0
-0.8314201425595487,-0.11559835314397926,1
0.22620639507260032,0.2921679059242758,0
0.8712585748885797,0.7028442855125694,1
0.4460004410254827,-0.29038707193848945,0
-1.0221079319217101,0.1767202824159635,1
0.39010953046405605,0.3043119995589516,0
0.6237229564726734,1.0323368447100587,1
-0.5110469793974894,-0.01731967852204469,0
0.9937555105239746,-0.7854775158253471,1
0.5229414222485758,-0.14025206172324217,0
-0.5296853938752046,1.091769313308685,1
-0.5240417643278914,-0.3970960973999837,0
0.817517480011289,0.597428217692985,1
-0.5288647272946634,-0.08879953749149755,0
0.9971717119562283,0.3824821611361976,1
-0.2072555828539213,0.0014706107592205864,0
-0.2348829981449403,0.9772695078946098,1
-0.36014126456321427,0.1627965485092221,0
-0.16077536805113135,1.1432366873842092,1
0.43517588308698624,0.0014217217158015716,0
0.8632753761090812,0.756018914348366,1
0.291688603243649,-0.25427159428530355,0
-0.5656977235966887,0.8517446977213488,1
0.023040637767222094,0.28527333611459615,0
-1.1685447962320208,-0.35585672021605097,1
-0.1930880620811331,0.26511242786226824,0
1.14744836057451,1.0396988634504667,1
-0.20882298253612624,0.5215121598142209,0
-0.6270332317598941,1.1018968519625998,1
0.518357300413104,-0.5005247382881701,0
-1.0510944066911203,0.7304242204151492,1
0.0935333986410456,0.25368730313762966,0
-0.4893146384104238,1.1363593749984782,1
0.3450043356795677,0.5451084108428859,0
-0.9371653908199209,-0.8798423289886749,1
-0.39123886595131213,-0.07748513184882683,0
0.9849848163678205,0.6034119195721492,1
-0.34911888010492687,0.022724878216987154,0
-0.8383688039185672,0.0632936953319716,1
-0.3620526578033322,-0.1784359374893593,0
1.003916536484037,1.1318399043643805,1
0.035090591581446395,0.2660787330206872,0
-1.0277365201334099,-0.3657644023850699,1
0.13151404375583275,0.21549477479094348,0
0.8227860457813096,0.8677249949244388,1
-0.5476232947946054,-0.05057993214187262,0
0.6778329305549688,0.8442028449209371,1
-0.40318280827682274,0.2274993807655048,0
0.8293131859799613,0.4361602680012048,1
0.15837014865636767,0.5821144498816186,0
-1.1374848521513952,0.340806157036911,1
-0.084702074100861,0.42655913597392736,0
0.9830194631260698,0.7036039678994392,1
0.2306453937812555,-0.10342613935308814,0
-0.8466062450486918,-0.7273792494045531,1
0.43167285430736135,0.11624432386769945,0
0.9916539917654987,-0.08699233075343893,1
-0.38979305457320335,-0.19357882068784174,0
1.0296505247660708,0.7765628602207248,1
0.08134895180490126,0.21651174351550428,0
0.9301177300059409,-0.11156117211112981,1
-0.508380210893145,-0.4699682338792823,0
0.8806442805776143,-0.7333785880683609,1
0.3256786413687782,0.2770549918709929,0
-1.1880166683379798,-1.1733010155283234,1
-0.5440479325799018,0.5608543666452526,0
0.8173692571457789,1.0674161929412767,1
0.08304482010590408,0.5435622726615164,0
-0.6065976937817363,0.9682573089055532,1
0.48542374392196064,0.23433220736103744,0
0.23057190960383533,0.9321419225355977,1
-0.5193651184116819,-0.04082189186962881,0
-0.7395750439861724,1.0599165319424055,1
-0.3132686708040483,0.34437957790451035,0
-1.0521742610007416,0.43062311831947997,1
0.4914804098112662,-0.07923407444305247,0
-1.1732267446724216,-0.42452288823112105,1
0.4151048499186315,0.2964720244783746,0
-1.0588285498471537,1.0576459519885821,1
0.34242804680801664,0.36869550647130656,0
-0.5726279323219553,1.1626244239435157,1
-0.2625950308075544,0.2547576634871095,0
-0.8421194662374627,-0.700661826468465,1
0.4020318256368457,0.25101784907707336,0
0.08487603766489338,0.8534804074161961,1
0.37482191398659553,-0.17889043625120615,0
-0.9769493484105007,-0.8038470051369044,1
0.5284631593616786,0.5263663384432935,0
-1.0293683751710356,0.6487232253796507,1
0.3971736568216743,-0.3121962786562974,0
0.5417901406993286,1.113633040382518,1
-0.21505743501679814,0.3498564224216607,0
-1.0713018821004974,0.15214614395619575,1
0.3817695192708045,0.2561053083295737,0
0.8838077569962016,-0.5395478058203997,1
-0.19484337473421565,0.5316195675987629,0
0.7934557316196569,0.8615557850627136,1
0.22354920361874125,-0.1512874712506731,0
1.1602019929965652,0.5608010907743322,1
0.4775112170210258,-0.0943458560760621,0
-0.9450255346572365,-0.23176541947229856,1
-0.38097151782581173,0.08319638750259462,0
-0.9657850403289571,0.20138109060423293,1
-0.39752777090814095,0.5716655734537901,0
0.9550613712618086,1.0967559680975096,1
-0.581317324063193,0.30978299166507073,0
0.5241407220356347,1.0217042284276878,1
-0.1599010668585304,0.4836978334392933,0
0.5289365045599149,0.8912132408079912,1
0.260946671507648,0.30519615832527597,0
0.8676230274214384,0.5731621335097526,1
0.3882766491407582,0.12170242776945506,0
0.6209472954141368,0.8395305340559471,1
-0.3410200604168166,0.20646983607227248,0
-1.1776652243169743,-0.4646498790173963,1
0.5953624639605426,-0.4795910850103404,0
1.179393255767371,-0.12167854665679378,1
0.528123243152969,0.23900803450809838,0
-0.921170114118802,0.6766806476711409,1
0.4541970357253755,0.5853036562298084,0
0.8064191806002469,0.39311966097203543,1
-0.2358254268865141,0.12699493680563434,0
-0.05811348395303839,1.0206790812115258,1
-0.5458688580941908,-0.2162116732282991,0
1.1750353777519207,-0.043332383925091866,1
0.55730838519109,-0.14434884412285914,0
-1.0728526791243667,-0.3772444995491794,1
0.4217986351231554,0.43819811940143905,0
1.164975545286651,0.5329115982056667,1
0.2503568451905822,0.06063355445541346,0
1.1072033292885772,0.02681728719214016,1
0.1675159545518849,0.22615059229958973,0
0.845845453144858,0.9274942235028569,1
0.22680330950748445,0.4534367954806357,0
0.8351820169233,1.1567226462014497,1
-0.4417131469506127,0.1862037904223608,0
0.5334920353325925,0.8792327123783861,1
0.44193595124750623,-0.059826439259383635,0
1.0088544169785114,0.05293451336043087,1
0.42714199343277887,0.36676159705460504,0
-1.1496011504101424,0.22397204672368143,1
0.288168476153599,0.17764483516913132,0
-0.9442587561556315,0.9252873430656285,1
-0.5623216881603289,0.2813761391355881,0
0.9775429910715138,-0.1505408917636174,1
0.21721748976039712,0.24007541345168937,0
1.1433323316832635,-0.8894871438583459,1
-0.5729892023483845,0.3171725914244783,0
0.813956871585557,-0.6160015989256945,1
0.2627318272819924,0.3600813478457209,0
0.6675853929802715,0.8355388944480191,1
0.4681554458684268,0.07962171935614587,0
-1.0925851617801907,-0.7623816105198965,1
0.11855627994556675,0.20149046846723975,0
-1.1361525285077563,0.023546234931797194,1
0.5100740081024807,-0.10146300044815582,0
0.8979679781124259,0.3064765082232679,1
0.010686682849297968,0.2763574061067685,0
-0.798283666651886,0.9939365945564896,1
0.13091965611267553,0.4081744592643177,0
0.26316735413100245,1.1046711722850246,1
-0.31664223346485754,-0.13526238747081545,0
-1.1867251950905997,-1.0349890351373068,1
0.337097069092815,0.25170533233577386,0
-0.7235980065039334,1.0913559980179877,1
-0.0956240237177392,0.277277159458858,0
0.8355600402915314,0.21016629452345026,1
0.49885185526723835,-0.26561573387173254,0
-1.1461764393267635,0.6834533584706539,1
-0.12331125954621276,0.22016559827380813,0
-1.1930371607577328,-0.9820976697701255,1
0.4989060667966925,0.403048902771228,0
0.21671799339452857,0.8441402229997267,1
0.518170002182935,-0.01758082304061903,0
0.023030545419527426,1.1891081372054058,1
-0.41445647790937723,-0.1288782006422306,0
1.0457611644548022,0.3192641370069704,1
0.12355737933220157,0.3128497875405576,0
0.9118759268670164,0.5971615401602487,1
-0.5792812151322757,-0.4087572547995284,0
-0.8105382367450865,-0.549211956219954,1
-0.4302242831255595,-0.4150769629881654,0
-0.60291304091878,0.809261861776163,1
-0.3457361992270217,0.5056117132208842,0
0.8980902083582089,-0.17918048770401973,1
0.32757004000109324,0.05141923509477481,0
-1.094286449669627,0.5053075202793036,1
0.17244637307643246,0.2452311933954015,0
0.8830837969750482,-0.3869529258852587,1
0.3385595765433955,-0.09262068890589437,0
0.8371545364526136,-0.08172219714133289,1
0.5758087832707426,-0.2909394092251651,0
-0.29975707711883326,0.8559418447271827,1
-0.2589077009437465,-0.013386756452025944,0
-0.8646438072649884,-0.3000344789518258,1
-0.21038073027017382,-0.07507737083761953,0
-1.0320338394518846,0.31293799181289117,1
0.320709626507124,-0.11793840377353573,0
-0.48242945821209693,1.0732151759933086,1
0.24225932174214623,-0.035486394842883545,0
-0.23261676500605488,1.0744996254038877,1
0.5645576081212869,0.5549650098480048,0
-0.06367062285407454,0.854828013054248,1
0.5417111586896968,0.19732679602059433,0
0.9443770023209395,0.6731912036891121,1
0.25151471419166815,-0.24929700056439474,0
-0.9748791358452792,-0.18063878517402931,1
0.4276054475574965,-0.04032418181181735,0
1.1142850610853476,1.1985880388892833,1
0.5815714233110739,0.4838726754700283,0
0.8933984227526228,-0.4384608752368784,1
0.3335784638636602,0.35598306596557006,0
0.7639249740998499,1.1406365840957136,1
0.26443509024104433,0.18803193389327777,0
-0.8031629541618038,0.8220725483930457,1
-0.254856763954196,0.03151722242385008,0
0.6962234530772495,0.8126191768227313,1
0.27591386730896533,-0.010512010916440384,0
0.23984849082750248,1.092432479899416,1
0.21088089008688243,-0.027675347185305288,0
0.21130830586854765,0.9426138122847498,1
-0.1634948545090114,0.5724119334821597,0
-0.9164315064306022,0.19678116205231577,1
-0.4285716499667346,0.10768233835041652,0
-1.0813734839095084,0.2793299024357052,1
-0.09137395304005301,0.2110569112256167,0
-0.8704402392236236,0.27496642679936023,1
0.1150928378164005,0.44575822385883285,0
1.0600906695227643,-0.289856262350492,1
0.3375628292138998,0.2379162413174798,0
0.5666937973553192,0.8939531128070648,1
-0.39050408897955413,-0.0299897200034408,0
1.1236126703358706,-0.5168857242272744,1
0.5497874296499259,0.3384996920788389,0
-0.5776818181705993,0.966902584112365,1
0.3028695340496627,0.31950081164516114,0
0.09250696005923142,1.1639487131669786,1
-0.41353677710340386,-0.010685336664260692,0
-0.4147090937216641,0.8924081661214645,1
-0.3039624598399332,0.07146736398814085,0
0.0301334083810173,0.8501537373329784,1
0.3897193945950832,0.027425278563838307,0
0.9751631412060446,-0.5811784311265249,1
0.29881891209686384,0.3183397039737027,0
0.43000053734757504,1.176584131971982,1
0.04033710308331584,0.4304936124267019,0
0.950755077850231,0.260964844048859,1
-0.22226202685112717,0.09354495027289356,0
0.845649219980209,0.627995340726117,1
-0.34649027662389226,0.13216600290107006,0
0.23594028067707673,1.0804324380028119,1
-0.5140394762031941,0.38943668277021914,0
-0.9127795115924183,0.3716552711338784,1
-0.43674735444401014,0.16234567111817133,0
-1.052350439684927,0.554629766857073,1
-0.3098677428066975,0.3188735103828916,0
1.1670202843875987,0.8296045534595484,1
0.0968453690057447,0.329445200585314,0
1.1113838781235674,-0.3736264343621476,1
-0.13484408846025897,0.4246922403022494,0
0.8607623092019713,-0.5317793715688043,1
0.07713082843518765,0.2491795932480952,0
-1.0843739073737992,0.31676591530324916,1
0.12008319706412063,0.576537520569288,0
1.0398323439452801,0.6948380418151032,1
0.24277411102961066,-0.09513323152579883,0
1.0039104153909433,0.8310445371448989,1
0.06560527322939064,0.28103190390215693,0
-1.1705077464160765,0.8261895770011467,1
0.528222622415218,0.5277254666081672,0
-0.879281616695646,0.457175808298658,1
0.3294515497935536,0.3905469498775046,0
-1.0940174536436764,0.9632822082662873,1
0.38889984139616074,0.5334358638586936,0
0.8912678600176814,0.732618275434067,1
-0.0492845762500449,0.4373535238550236,0
1.0995368307348103,-0.2325690541061145,1
0.5598167566106738,0.3029250565343302,0
-1.083023909395975,-0.9628762069208049,1
0.25511169837259656,-0.13670534832193665,0
0.9694999628268925,-0.6990737561739138,1
0.35721471124540144,0.07138302588427814,0
0.800052870684023,-0.11145448102896138,1
0.5351558858094189,0.3901089027866518,0
0.39284480355140416,0.8712023305813327,1
-0.26841546879810385,0.008693337583039973,0
-1.1974344882161678,-1.061168355901548,1
0.013590391871243612,0.35465534225199596,0
1.0222964548332103,0.17105976632847764,1
0.277171980632434,0.16650741325232443,0
1.1591708874076898,0.8263789168559843,1
0.5914141051479209,-0.08055217635594769,0
0.808596338353925,-0.7517128312570756,1
0.3193425748575619,-0.1412151839189623,0
-1.0252778314855546,0.8416176608419959,1
-0.29273809979135695,0.2513552575447838,0
1.1688576800953705,-0.7047824275410991,1
-0.4670259481843907,-0.08184059717365766,0
-1.0496005377590178,-0.44308034603316016,1
-0.5094695768149822,0.46439020991816105,0
1.1199059666678512,0.12216243563751328,1
-0.206496590779083,0.027093109757018063,0
-1.179275122777401,-0.2120681696633695,1
-0.3287143068605546,-0.07728572263974348,0
0.9239285933255336,-0.7745978648698371,1
0.4725358477171327,0.2237433537644566,0
-1.0424848643249751,-0.2797359314207013,1
0.44374428444366576,-0.18494280357204207,0
-0.9829725217691917,0.0844077486456446,1
0.28915085778770294,0.4939128120619704,0
-0.30892916821089744,1.0202295787393685,1
-0.15309666760195084,0.24767553756622004,0
-1.0258269259472275,0.0883989771567002,1
-0.03542456460868382,0.35081305221804454,0
-1.0902905845394768,-0.24448608776098057,1
-0.06663765995877641,0.3660741135823499,0
-1.1430680796174255,-0.023029101792747975,1
-0.22744641623363432,-0.21552728017323236,0
0.11097684399631058,0.882687604179436,1
-0.32790444852913325,-0.2678301823616525,0
-1.0665483991298454,1.1769550882714508,1
0.5835026803188095,-0.25750779646248534,0
-1.1493079723375152,-1.0147719587225035,1
-0.29874650663665236,0.2787453040386557,0
0.8729198171011465,0.03218851863179728,1
0.5631955074836172,0.35805943569036003,0
-0.8864104247626717,0.8401497099465268,1
-0.38419854814889476,0.15719477636454415,0
-1.093969553414178,0.2293473860928319,1
-0.1611174402327396,0.250622720909205,0
-1.0138969915816725,-0.4447156872286945,1
0.26264688183011153,-0.06597052801569045,0
-1.1745614135032283,0.6551682376946553,1
0.5597377586479261,0.36334154102656513,0
1.0578689892661057,0.3134042161012405,1
-0.047674132066356345,0.47268924412215146,0
1.1948951673273882,1.1295539106455474,1
0.20897343014921993,-0.10547224684829729,0
-1.0267500036750357,-0.22476815465619326,1
0.22347242722126082,0.29797273361862997,0
-0.6770427875070462,0.8501237943630728,1
-0.19259101068528978,0.5736974574949005,0
-0.4883138550561244,0.8730828424914224,1
0.5194306168188982,0.11351440396986379,0
0.9616725764201817,0.162847155597041,1
-0.5246678283805533,-0.05374607185671315,0
-1.189708244006088,0.10921839073390216,1
0.503914684697355,0.5920906635694507,0
-0.4744859919937868,0.8774466323690407,1
0.2123060503767658,0.23402761789021287,0
-0.821093010827129,1.0098484561424765,1
0.29147669503255536,-0.033855916122955354,0
-1.174431459444754,0.5371201486959307,1
-0.5778063764981107,-0.1047392314761999,0
1.1978324810707788,1.0556182831357894,1
-0.07229637272251668,0.21123231908244083,0
0.2888250959334142,0.9210034639107318,1
-0.34246602346105265,0.07543490130614056,0
-0.8312709264906354,0.6331677127975855,1
-0.38679398091300843,0.093107385464271,0
-1.1482508939142264,0.7342831462983732,1
-0.48532667577349276,0.3540964588110058,0
-0.8985097549378221,0.9726895033038302,1
-0.23905400100004517,0.4822308859497174,0
-1.0401563715564675,0.2106655062098497,1
-0.35795081871099255,0.5145753304781931,0
-0.6427776209050171,0.830158440679386,1
0.12606121817704236,0.32330727999023234,0
1.0558135267796345,-0.713900243107009,1
-0.34090638889497693,0.10786245014645124,0
1.057062691355865,-0.8679575489303105,1
-0.46203082194767886,0.19236168613542737,0
0.9456684174487199,0.8125092886597504,1
0.19699580416444817,0.3551201549891364,0
0.1239871494876188,1.1526863675660586,1
0.2807820076811933,0.26668121123679533,0
0.7977570228350034,0.8668443751398273,1
0.5620106012013206,0.5956824568421284,0
0.896776324644934,-0.8552689936158692,1
-0.5151442841525022,-0.37571841507621584,0
0.8934910763966049,0.08180571831958194,1
-0.5669309573298219,0.0318332087430343,0
1.1366549053557558,1.1158948185873179,1
-0.34714972372198305,0.08164916309353931,0
-0.9562007450471423,0.38478677969873554,1
-0.04394242570816964,0.4868989167835336,0
-0.20355293313579526,0.8973448581112765,1
0.24216281859821176,-0.0169150335926396,0
1.1003164511990406,-0.9109421389120356,1
-0.21818382805900108,0.26017945122173963,0
0.9931297935737686,-0.49278550026079393,1
-0.4510164759354935,0.2114622263282871,0
-0.9583057903832924,0.39389812157250825,1
-0.5364850129337517,0.3814272153860653,0
-0.9216561740117823,1.1013101066162478,1
0.021310477829200036,0.2906214201059188,0
-1.0400990708548814,0.2509717158698861,1
-0.3558989884512971,0.43820513552884627,0
-0.961519372970256,0.1338248339864625,1
0.5927872977241078,0.34232495320943634,0
-1.0246574199824587,-0.10544261638385588,1
-0.37549177294176384,0.2188121693587094,0
-0.0698987383419527,0.9400823163310357,1
0.44251660241412066,-0.23536408922385377,0
-0.8098595631166295,0.9986075984561009,1
0.34138371079522756,0.20136322206770207,0
-0.7765619734806606,0.8118010310510755,1
0.32324363496816555,0.54651207763017,0
0.9759172745571862,0.7920324516174788,1
0.5436474231939488,0.33300709637135395,0
-0.3469945176487503,0.8069638028696007,1
-0.325297208183953,-0.3064313328444509,0
-0.879677415520253,-0.8685605010041274,1
0.5054521657952569,0.5008466887319489,0
0.7745194494804736,0.9471328785558059,1
0.5141089365582485,-0.18724856381150934,0
0.3156998650886307,0.8500241397581665,1
0.3490821034858802,0.06225698403171609,0
-0.05286480314845132,1.0690805994334736,1
0.5587556016061102,-0.548565141941615,0
1.132056906996098,-0.03416853741384829,1
-0.5365533493754406,-0.40134422155208604,0
1.0820035006073816,0.19130835653154254,1
-0.034590033607790005,0.5752542214837965,0
-0.8736828746606001,0.9179582703610116,1
-0.2911168689184853,0.19752023532608814,0
-0.8087269806595162,0.5646634174781909,1
0.3470982492625471,0.4789074065157886,0
-1.153413994503491,1.000145131678108,1
0.46319671490157205,0.16484034536013853,0
-0.8866876962121253,0.7293539354251977,1
0.14565241109010219,0.21960984680107876,0
1.0702883901042974,0.9390701857184762,1
0.22445650919665747,0.2021514973339876,0
1.0361582290031748,-1.0001809624300833,1
0.5521966918944359,-0.08532701977563967,0
-1.031885452286502,1.067408924252145,1
0.06552674173031214,0.5115193090840466,0
-0.8127881083868415,0.27984509616026065,1
0.3145260968734605,0.33369829390940037,0
-0.8198664625777301,0.9597815893644706,1
0.42879235074339106,-0.04135085680793554,0
-0.9000760743414123,0.023041592951621226,1
-0.5093876408416614,-0.32483715452039297,0
-0.9402798885575089,-0.24498687001461228,1
0.2690373061218648,-0.22049462205477838,0
0.9979423708884949,0.19577157827148906,1
-0.36080535974422856,0.132136181868163,0
-1.1383990155799106,-0.3926862763233214,1
-0.35098270653335484,0.466873317302891,0
1.1862073625122413,-1.0478791334581214,1
-0.2763605455789448,0.3192038762661115,0
1.1176626430455405,-1.036959390319191,1
-0.0675138705914913,0.20656295516727533,0
-1.0209583615792477,-0.7857829719556106,1
0.22318084196668037,-0.08651509108643154,0
0.9047622550273856,-0.568689464592649,1
-0.36015963375156507,0.38242826618150366,0
0.8078670152693114,0.03562872091473823,1
-0.016560886457607643,0.23534693585906918,0
-1.0618640807913393,0.11338151199870028,1
-0.5938261628558463,-0.293153588744525,0
1.1595030258181545,0.12384647505085855,1
0.22370860850586272,0.45581005955477993,0
0.4222932394460919,1.1308180652843571,1
-0.26486440001133926,-0.147481965910101,0
-0.8655803700070845,-0.2821428855741358,1
0.14947923991102757,0.2007142724197687,0
0.9492732597760437,0.03776288748927725,1
-0.4223959823852055,-0.30896462453960793,0
-1.1820430741982766,0.5276709951151008,1
-0.4268632141315738,-0.12160397211101975,0
1.063371738421265,0.986906351072018,1
0.16094729895155696,0.2780242778251804,0
-0.6468139830154485,0.8410186624959992,1
-0.0491175265104406,0.3948220093193544,0
-0.05229856092893326,1.172249668198304,1
-0.5997131188091792,0.5523464173257598,0
-0.28578871850077414,1.1745903326155105,1
0.3522827723454707,0.5724671507030574,0
1.1406288472526867,-1.1387748932498074,1
-0.5018993811704047,0.2664263147670959,0
-0.4031627021752414,1.11125265057276,1
-0.20530712168706522,0.1723560530512963,0
-0.8465613475490521,0.9839229335208055,1
0.5512828729669039,0.47644836021322035,0
-1.1825366489797897,0.05342738584161855,1
-0.25609046099150834,0.11875255448227073,0
-0.9353433975990604,1.0272378003591125,1
0.014435429437062774,0.29046653311519377,0
-0.05988966474030932,1.0255795129941732,1
0.15205550485400593,0.4669343856250912,0
-1.0293462834492613,-0.7126215430820562,1
-0.4042639821105091,0.34873930244691403,0
-0.8402940277642899,-0.6185809130292247,1
-0.16348520059102573,0.2789329137477729,0
0.8191869777709749,-0.23227980396455317,1
-0.5465312370152081,0.19868515072959747,0
0.9736668209941796,-0.9652335437090688,1
0.05423043293535884,0.3169698773373138,0
-0.955319137970478,0.6027030829145088,1
-0.5120373287901581,-0.07232990963958547,0
-0.941717006813959,-0.7370809769621155,1
-0.3712491720155465,-0.011268656627784701,0
-1.0659885232029251,-0.030248491166723568,1
-0.4877210269625357,-0.042643792182172124,0
0.9120663098318272,0.31151224325534377,1
-0.49320809387459247,-0.14227205190092396,0
-0.2147932697586249,1.0875410213132068,1
0.5800733094808981,-0.2913087522493492,0
-1.1300464433637565,-0.7911334312584017,1
-0.13736658794899095,0.283227428716226,0
0.897407633032973,-0.3025926074493144,1
0.3272550375873965,0.1653322718921924,0
0.876768049559343,-0.43149371729429237,1
0.47888952382845273,0.5806386246242101,0
-0.8297521884743309,1.0023240478281432,1
0.44388077917049923,-0.28057481156496633,0
-1.1669729320166449,-0.8187702323856436,1
0.3115004172489223,0.17195231978573033,0
-0.7616984848536779,0.912180859463828,1
-0.2949042694548392,-0.029898337106554984,0
-0.4800278427259589,1.1220564049809096,1
0.4171077982413205,0.09665460902331646,0
-0.8665122166401836,-0.5138091140452803,1
-0.5248959431412701,0.36658091032713847,0
-1.1786079495787551,0.8290367471171192,1
-0.36033139835937095,0.03491206755324405,0
0.039806179690034416,0.9622644557344744,1
-0.35043810263075065,-0.08926906125363132,0
0.9888063813221407,0.517883109234731,1
-0.4466168032500898,-0.03751444498546147,0
0.5058150510032533,0.8797782066551796,1
0.20162828058603244,0.14610799025219923,0
0.9050372665398457,0.8916654089566453,1
0.41519439867037977,-0.20319286346639454,0
-0.7504768836773829,0.8609013875312483,1
-0.2688231336722506,-0.19144331163290682,0
0.8413799148591434,0.5445283822885789,1
-0.3249565160987912,0.33559750102055863,0
-0.8161366395406492,-0.7433233648881169,1
0.42759130375902904,-0.4106856351948443,0
-1.0107548007456901,-0.3384669578776367,1
-0.3439175495338153,-0.1341774585151973,0
-1.0267952822768298,0.6901254995003017,1
0.33164154317711514,-0.32623732813130835,0
0.36926313352911255,1.033251198678006,1
-0.3413346650639711,-0.1652311151692815,0
1.1332765048408837,-0.3880339916219415,1
-0.24563135266141345,0.08213858932717888,0
1.0883598633434788,-0.9641496348289178,1
0.17682104640072832,0.2147291346848078,0
0.9651245249631697,1.0834860358536575,1
-0.21696742729158514,0.11813758448675832,0
0.9733699234028154,-0.7019288547718243,1
-0.1367982650653372,0.2590234386504661,0
0.8319629516387704,-0.2741263407786386,1
0.3955725843476541,0.09481163327232572,0
-1.1024895714161027,1.1524577405637664,1
0.4540023296048894,0.47734192595545977,0
-0.9486842920960882,0.9080511216072759,1
0.5803928377815486,-0.3924742104035959,0
-0.9502249599382462,-0.347406863443533,1
0.3164772275966889,0.49352896752293013,0
0.8015435491142103,0.5857305498194562,1
-0.3000296520469298,0.4871587291027265,0
-0.07672845080249902,1.0309807409432776,1
-0.05105394412225267,0.36587851693762463,0
-0.24550519064875964,1.0745008717227447,1
-0.4312084350120208,0.39180054615788795,0
-0.0050913324521073555,1.043751358564073,1
0.14247923284210018,0.4923329429415454,0
1.194695808034154,-0.5032339399161017,1
0.3119087418196077,0.46309523227808347,0
-1.151166455100966,-1.0036185334235568,1
-0.16114430462487853,0.29175243570037096,0
-0.8160436697724708,-0.7647803355617592,1
-0.2851435298534734,-0.02586942031757422,0
-0.9478497545106965,1.1421161831545552,1
-0.5038078451110317,0.27733779148990945,0
-1.0227377726045277,0.9605115991785609,1
-0.573518347368837,-0.03426632514559924,0
1.1110589523796148,-0.7952342711907218,1
-0.3434918272885825,-0.1263181123869398,0
-0.09327199235745975,1.0052771694942144,1
-0.49078853550428164,0.45841895779998515,0
-0.8312793607303686,0.3811220847470813,1
0.5538038677933304,-0.3915572522207904,0
0.34290097212470205,0.8587885170976952,1
0.31819916789689223,-0.0192308127504624,0
-1.0718780059626984,0.5073666245941522,1
-0.5861787252342384,-0.5499561500960082,0
0.5080826011608809,0.9132475374231049,1
0.3518773497614123,0.41807089535392206,0
1.1815827306377757,-0.23850454165752988,1
-0.23681408450752214,-0.21675120082343272,0
0.3182353299833536,1.0775122368322894,1
-0.18505090758542525,0.4497097222858526,0
0.8387961134352926,0.17200705825299756,1
0.5475852712139574,-0.12434789779054656,0
0.8680877300068349,0.9153741450176885,1
0.2178604984211418,0.24012218736585944,0
-0.9813405707575974,1.1779736954825988,1
0.35166147989523033,0.2623580290135483,0
-0.8547249256292013,-0.549878899226903,1
-0.24651757625690257,0.5098802129139917,0
-1.0458404715461196,-0.9691861636840597,1
0.11397126356894072,0.5133354787649884,0
0.8926900389078261,-0.29503772458354827,1
-0.1591565641041357,0.269105927961807,0
1.0496477371601638,-0.4614512226881373,1
0.2877531539975917,-0.2789271882834103,0
0.6333116781726549,0.9655404058586077,1
0.21670727320286445,0.21949572106329632,0
-1.1606722726632868,0.9044237578700873,1
-0.26397041878753646,0.31523601858860517,0
-0.9976605256258984,0.16268733182526507,1
0.2771491570686013,0.40795666671111974,0
-0.9374594127696246,0.07738461217741632,1
-0.3792077150281745,0.2957285833826857,0
0.9828818618296931,-0.424952259325581,1
0.055370339323378426,0.5759903351581462,0
0.4424295469674442,1.0615644657454557,1
-0.5400431799837055,-0.5235239813895887,0
-1.1202327679672464,0.717487770862556,1
0.4678740503097581,-0.12658364459261506,0
1.0994041827304137,0.510384811396208,1
0.5149881111427779,-0.26902184729148926,0
-0.9671140329586403,-0.4453953949283884,1
-0.5498365303672565,0.04004586095378848,0
0.9686716010607603,-0.8240095399434648,1
-0.3528949250105581,-0.2802539260723822,0
-0.1519910525279662,0.9766118597241086,1
-0.45086828024599784,-0.3890486562581719,0
-0.9456626228385379,-0.28535745938563795,1
0.573544969269864,-0.5048853295757703,0
1.1252777471711397,-0.39118332422866,1
-0.5037264050733281,-0.2164518577570526,0
1.1929930021397803,0.34729933843994654,1
-0.5118728434220572,0.08403166418010177,0
-1.1086859541272465,-0.5710000808614016,1
0.27881093346133107,0.3164339034527191,0
1.0961277983067865,0.595185854294684,1
-0.38836557738096344,-0.28914471564421984,0
1.0088191861156481,-0.4578930457971738,1
-0.41781814290770036,-0.22593845949800612,0
-1.1398019136949848,0.8694695782350768,1
0.18746528952568947,0.42047081786150037,0
0.9476448892695216,-0.22553418304325634,1
0.3609863877559254,-0.04250464358926109,0
1.1118670858050363,-0.5512675203429533,1
-0.32380183588788697,-0.04361965764219067,0
0.5734410144246282,0.9884444302150548,1
-0.384430103259077,-0.008395089402131906,0
1.0722009722157684,-0.2479623565615252,1
0.34265875968863857,-0.30816248989722334,0
0.9739722012105488,-0.19838937324664563,1
-0.22579012176572846,0.14437880744230677,0
0.3369047862853787,1.0222839911969115,1
-0.4112902341091472,-0.40055805633520114,0
0.23361886795777376,0.8639925795652414,1
0.3716871769270038,0.05919787219177691,0
0.9284238881769145,0.7087955317754058,1
-0.3546358747571444,-0.06068489052221865,0
-0.5531634943533419,1.0942454519334532,1
-0.18860316032572222,0.2710700343313891,0
-1.1754808657255151,-0.3363236171853432,1
-0.1369391900653522,0.38810160986843945,0
-1.1974010494354035,0.5248974880355173,1
-0.5665755339385625,0.055375209711816864,0
1.0606442997485548,-0.17869865159023623,1
-0.31411813427892177,0.5062096488582148,0
0.9074630621446798,0.16852584637567491,1
-0.5969155872756269,0.1281347284178559,0
0.7172361170107677,1.1430202893390948,1
0.2608767791215373,0.02985285437799029,0
-0.4156018437107455,0.9852016651827569,1
-0.25037691518376676,0.2831168004707742,0
-0.5484344297826184,1.1836707536539421,1
0.5509742526538919,0.1479693619492044,0
-1.1134268605155353,-0.560632164271139,1
-0.38812958568571654,0.45617809040872415,0
1.1132045029319166,-0.2560691539755501,1
-0.5822355370439378,-0.09568087335312642,0
-0.9861626738992229,-0.9615869682401702,1
-0.2975234734458781,0.21655130946844198,0
-0.9070562221667325,0.8396651593861647,1
-0.3904300465270881,0.3177470600565958,0
0.41413359178492826,0.8669563455524636,1
-0.21482008378011594,0.24753510016249575,0
-0.9979911637250263,-0.2704233829389252,1
0.34259556351319387,0.003318525159109298,0
0.6984368228300913,0.9182796376632992,1
0.2088557200992061,0.09715916654891266,0
-0.6207303175183637,0.8941758325377424,1
-0.23580460088762956,-0.13014301600558617,0
0.7338311412853362,0.8179215613295834,1
-0.13431957066042488,0.4894998174442939,0
-0.6532863931248348,0.8601300788025505,1
0.4702317332775579,-0.27682726618085207,0
-1.1802563406765985,-0.9594827107838371,1
0.09491411986180254,0.4110380814547884,0
-1.0692222847425619,-0.41665090618404044,1
0.4788668275265824,-0.1307022518077356,0
1.0855840747056027,-0.6814131185527015,1
0.45200560423792924,-0.2891520173720643,0
-0.9792809041800665,-0.4540617061680995,1
-0.33635835156704386,0.10362983124253122,0
-0.4929069372109911,0.8037033520195529,1
-0.11976595337162396,0.27484436631872533,0
1.078983070797443,0.5464757333393324,1
-0.21080736171240763,0.38827673079875236,0
-1.1027696227255999,0.46752956754245045,1
0.11445779320721,0.4934465444018428,0
-0.891926178190136,-0.5680552461784684,1
-0.2963110569616319,0.35023183767958704,0
0.7725734583498198,1.083546395428702,1
0.10866835851768569,0.2542378230648084,0
1.0973655170399401,-0.8719518069725007,1
0.12916642755374214,0.3294067661821488,0
0.9689305264259768,0.3071892451870023,1
0.3490407847996898,0.589789640096655,0
0.9520566446399366,-0.6576820540688186,1
0.20643347579096727,-0.10347888541939698,0
-1.03218856663094,-0.5290863400070337,1
0.5999446157311072,0.013771921615933658,0
-1.0219100039743207,0.43431557277073307,1
0.2293963730772322,0.06281541508846716,0
0.5420515459351742,1.101142230193845,1
-0.27162174599090566,0.15412816429560172,0
-0.6362935865787557,1.1753698392842378,1
-0.48712334621777414,0.10475330677577127,0
-0.9791236145495894,0.443078602114682,1
-0.3867606808102248,0.016978738663924464,0
0.8748228599473375,0.5128923328391177,1
-0.4988575987552817,0.2553006820979735,0
-1.0286342477636115,-0.8229507641362939,1
-0.25573363650315606,0.2709232246890161,0
-1.0050906228278436,-0.3544408246327595,1
-0.26088611304624293,-0.09734548845257271,0
-0.8957804676123909,-0.795777655830298,1
0.3857992038873616,0.0823449393549075,0
-1.0814328343750488,-0.9391676172392863,1
-0.35716582221692755,-0.140610676819016,0
-0.8494869593754328,-0.7322621318707898,1
-0.4831726979976715,0.3252148602472934,0
0.5136674157907758,0.8890687934012728,1
-0.3601193045988116,-0.1413640494105115,0
-0.8040295575959159,0.42765983540230124,1
0.5728541186803856,0.3717297922367262,0
-0.6329074384175026,0.9024809007753681,1
-0.529033432841618,0.1697773811816099,0
0.8530058453595072,0.02528225578477228,1
0.027916441531821934,0.5226739506183389,0
0.8728628339003183,-0.819654904316815,1
0.5290412002826566,0.034501617696800824,0
-0.614163152472317,0.9615644033255841,1
0.12976597254744915,0.588585798440314,0
0.2718842632417733,0.9205104874161798,1
0.21603370548395007,0.07683211775616072,0
-0.8396848378685146,1.1035573002928358,1
